identity_id,email,is_risky,anomaly_type
1,andrew.garcia1@company.com,1,ORPHANED_CROSS_PLATFORM
2,andrew.green2@company.com,1,ORPHANED_CROSS_PLATFORM
3,andrew.hill3@company.com,1,ORPHANED_CROSS_PLATFORM
4,andrew.ramirez4@company.com,1,ORPHANED_CROSS_PLATFORM
5,andrew.wilson5@company.com,1,ORPHANED_CROSS_PLATFORM
6,anthony.adams6@company.com,1,ORPHANED_CROSS_PLATFORM
7,anthony.nelson7@company.com,1,ORPHANED_CROSS_PLATFORM
8,anthony.rivera8@company.com,1,ORPHANED_CROSS_PLATFORM
9,anthony.torres9@company.com,1,ORPHANED_CROSS_PLATFORM
10,anthony.wright10@company.com,1,ORPHANED_CROSS_PLATFORM
11,ashley.adams11@company.com,1,ORPHANED_CROSS_PLATFORM
12,ashley.green12@company.com,1,ORPHANED_CROSS_PLATFORM
13,ashley.jones13@company.com,1,ORPHANED_CROSS_PLATFORM
14,ashley.lee14@company.com,1,ORPHANED_CROSS_PLATFORM
15,ashley.martin15@company.com,1,ORPHANED_CROSS_PLATFORM
16,ashley.ramirez16@company.com,1,ORPHANED_CROSS_PLATFORM
17,ashley.young17@company.com,1,ORPHANED_CROSS_PLATFORM
18,barbara.anderson18@company.com,1,ORPHANED_CROSS_PLATFORM
19,barbara.clark19@company.com,1,ORPHANED_CROSS_PLATFORM
20,barbara.gonzalez20@company.com,1,ORPHANED_CROSS_PLATFORM
21,barbara.hernandez21@company.com,1,ORPHANED_CROSS_PLATFORM
22,barbara.martin22@company.com,1,ORPHANED_CROSS_PLATFORM
23,barbara.martinez23@company.com,1,ORPHANED_CROSS_PLATFORM
24,barbara.miller24@company.com,1,ORPHANED_CROSS_PLATFORM
25,barbara.nelson25@company.com,1,ORPHANED_CROSS_PLATFORM
26,barbara.smith26@company.com,1,ORPHANED_CROSS_PLATFORM
27,betty.miller27@company.com,1,ORPHANED_CROSS_PLATFORM
28,betty.mitchell28@company.com,1,ORPHANED_CROSS_PLATFORM
29,betty.ramirez29@company.com,1,ORPHANED_CROSS_PLATFORM
30,betty.rivera30@company.com,1,ORPHANED_CROSS_PLATFORM
31,betty.walker31@company.com,1,PRIVILEGE_CREEP
32,brian.ramirez32@company.com,1,PRIVILEGE_CREEP
33,brian.roberts33@company.com,1,PRIVILEGE_CREEP
34,brian.thompson34@company.com,1,PRIVILEGE_CREEP
35,brian.wilson35@company.com,1,PRIVILEGE_CREEP
36,charles.gonzalez36@company.com,1,PRIVILEGE_CREEP
37,charles.green37@company.com,1,PRIVILEGE_CREEP
38,charles.moore38@company.com,1,PRIVILEGE_CREEP
39,charles.taylor39@company.com,1,PRIVILEGE_CREEP
40,charles.thomas40@company.com,1,PRIVILEGE_CREEP
41,charles.wilson41@company.com,1,PRIVILEGE_CREEP
42,christopher.baker42@company.com,1,PRIVILEGE_CREEP
43,christopher.hall43@company.com,1,PRIVILEGE_CREEP
44,christopher.harris44@company.com,1,PRIVILEGE_CREEP
45,christopher.lewis45@company.com,1,PRIVILEGE_CREEP
46,christopher.lopez46@company.com,1,PRIVILEGE_CREEP
47,christopher.mitchell47@company.com,1,PRIVILEGE_CREEP
48,christopher.robinson48@company.com,1,PRIVILEGE_CREEP
49,christopher.wright49@company.com,1,PRIVILEGE_CREEP
50,daniel.allen50@company.com,1,PRIVILEGE_CREEP
51,daniel.mitchell51@company.com,1,PRIVILEGE_CREEP
52,daniel.moore52@company.com,1,PRIVILEGE_CREEP
53,david.carter53@company.com,1,PRIVILEGE_CREEP
54,david.garcia54@company.com,1,PRIVILEGE_CREEP
55,david.lopez55@company.com,1,PRIVILEGE_CREEP
56,david.scott56@company.com,1,PRIVILEGE_ESCALATION
57,david.wilson57@company.com,1,PRIVILEGE_ESCALATION
58,donald.anderson58@company.com,1,PRIVILEGE_ESCALATION
59,donald.brown59@company.com,1,PRIVILEGE_ESCALATION
60,donald.hernandez60@company.com,1,PRIVILEGE_ESCALATION
61,donald.moore61@company.com,1,PRIVILEGE_ESCALATION
62,donald.nguyen62@company.com,1,PRIVILEGE_ESCALATION
63,donald.sanchez63@company.com,1,PRIVILEGE_ESCALATION
64,donald.torres64@company.com,1,PRIVILEGE_ESCALATION
65,donald.walker65@company.com,1,PRIVILEGE_ESCALATION
66,donna.campbell66@company.com,1,PRIVILEGE_ESCALATION
67,donna.hernandez67@company.com,1,PRIVILEGE_ESCALATION
68,donna.jones68@company.com,1,PRIVILEGE_ESCALATION
69,donna.moore69@company.com,1,PRIVILEGE_ESCALATION
70,donna.perez70@company.com,1,PRIVILEGE_ESCALATION
71,edward.hill71@company.com,1,SUSPICIOUS_TOKEN_USE
72,edward.miller72@company.com,1,SUSPICIOUS_TOKEN_USE
73,edward.moore73@company.com,1,SUSPICIOUS_TOKEN_USE
74,elizabeth.campbell74@company.com,1,SUSPICIOUS_TOKEN_USE
75,elizabeth.garcia75@company.com,1,SUSPICIOUS_TOKEN_USE
76,elizabeth.lewis76@company.com,1,SUSPICIOUS_TOKEN_USE
77,elizabeth.rivera77@company.com,1,SUSPICIOUS_TOKEN_USE
78,elizabeth.roberts78@company.com,1,SUSPICIOUS_TOKEN_USE
79,elizabeth.rodriguez79@company.com,1,SUSPICIOUS_TOKEN_USE
80,elizabeth.smith80@company.com,1,SUSPICIOUS_TOKEN_USE
81,elizabeth.taylor81@company.com,0,NORMAL
82,elizabeth.williams82@company.com,0,NORMAL
83,elizabeth.wilson83@company.com,0,NORMAL
84,emily.miller84@company.com,0,NORMAL
85,emily.nguyen85@company.com,0,NORMAL
86,emily.scott86@company.com,0,NORMAL
87,emily.wright87@company.com,0,NORMAL
88,george.carter88@company.com,0,NORMAL
89,george.hernandez89@company.com,0,NORMAL
90,george.jackson90@company.com,0,NORMAL
91,george.martin91@company.com,0,NORMAL
92,george.nguyen92@company.com,0,NORMAL
93,george.thompson93@company.com,0,NORMAL
94,george.williams94@company.com,0,NORMAL
95,james.baker95@company.com,0,NORMAL
96,james.campbell96@company.com,0,NORMAL
97,james.harris97@company.com,0,NORMAL
98,james.hill98@company.com,0,NORMAL
99,james.jones99@company.com,0,NORMAL
100,james.nelson100@company.com,0,NORMAL
101,james.perez101@company.com,0,NORMAL
102,james.robinson102@company.com,0,NORMAL
103,jason.hill103@company.com,0,NORMAL
104,jason.nguyen104@company.com,0,NORMAL
105,jason.rodriguez105@company.com,0,NORMAL
106,jeffrey.davis106@company.com,0,NORMAL
107,jeffrey.king107@company.com,0,NORMAL
108,jeffrey.nguyen108@company.com,0,NORMAL
109,jeffrey.scott109@company.com,0,NORMAL
110,jennifer.carter110@company.com,0,NORMAL
111,jennifer.hill111@company.com,0,NORMAL
112,jennifer.taylor112@company.com,0,NORMAL
113,jennifer.thomas113@company.com,0,NORMAL
114,jennifer.young114@company.com,0,NORMAL
115,jessica.anderson115@company.com,0,NORMAL
116,jessica.ramirez116@company.com,0,NORMAL
117,jessica.torres117@company.com,0,NORMAL
118,john.davis118@company.com,0,NORMAL
119,john.mitchell119@company.com,0,NORMAL
120,john.nguyen120@company.com,0,NORMAL
121,joseph.harris121@company.com,0,NORMAL
122,joseph.jones122@company.com,0,NORMAL
123,joseph.miller123@company.com,0,NORMAL
124,joseph.torres124@company.com,0,NORMAL
125,joshua.flores125@company.com,0,NORMAL
126,joshua.green126@company.com,0,NORMAL
127,karen.garcia127@company.com,0,NORMAL
128,karen.mitchell128@company.com,0,NORMAL
129,karen.torres129@company.com,0,NORMAL
130,karen.white130@company.com,0,NORMAL
131,kenneth.brown131@company.com,0,NORMAL
132,kenneth.roberts132@company.com,0,NORMAL
133,kenneth.sanchez133@company.com,0,NORMAL
134,kenneth.thomas134@company.com,0,NORMAL
135,kenneth.young135@company.com,0,NORMAL
136,kevin.clark136@company.com,0,NORMAL
137,kevin.davis137@company.com,0,NORMAL
138,kevin.jones138@company.com,0,NORMAL
139,kevin.moore139@company.com,0,NORMAL
140,kevin.wilson140@company.com,0,NORMAL
141,kimberly.brown141@company.com,0,NORMAL
142,kimberly.davis142@company.com,0,NORMAL
143,kimberly.perez143@company.com,0,NORMAL
144,kimberly.taylor144@company.com,0,NORMAL
145,kimberly.torres145@company.com,0,NORMAL
146,kimberly.young146@company.com,0,NORMAL
147,linda.hernandez147@company.com,0,NORMAL
148,linda.lee148@company.com,0,NORMAL
149,lisa.davis149@company.com,0,NORMAL
150,lisa.hernandez150@company.com,0,NORMAL
151,lisa.ramirez151@company.com,0,NORMAL
152,lisa.taylor152@company.com,0,NORMAL
153,margaret.campbell153@company.com,0,NORMAL
154,margaret.gonzalez154@company.com,0,NORMAL
155,margaret.martinez155@company.com,0,NORMAL
156,margaret.ramirez156@company.com,0,NORMAL
157,margaret.scott157@company.com,0,NORMAL
158,margaret.wright158@company.com,0,NORMAL
159,mark.allen159@company.com,0,NORMAL
160,mark.baker160@company.com,0,NORMAL
161,mark.miller161@company.com,0,NORMAL
162,mark.roberts162@company.com,0,NORMAL
163,mark.rodriguez163@company.com,0,NORMAL
164,mark.williams164@company.com,0,NORMAL
165,mary.allen165@company.com,0,NORMAL
166,mary.wilson166@company.com,0,NORMAL
167,matthew.gonzalez167@company.com,0,NORMAL
168,matthew.martinez168@company.com,0,NORMAL
169,michael.adams169@company.com,0,NORMAL
170,michael.allen170@company.com,0,NORMAL
171,michael.anderson171@company.com,0,NORMAL
172,michael.davis172@company.com,0,NORMAL
173,michael.garcia173@company.com,0,NORMAL
174,michael.mitchell174@company.com,0,NORMAL
175,michael.nguyen175@company.com,0,NORMAL
176,michael.sanchez176@company.com,0,NORMAL
177,michelle.adams177@company.com,0,NORMAL
178,michelle.brown178@company.com,0,NORMAL
179,michelle.king179@company.com,0,NORMAL
180,michelle.rodriguez180@company.com,0,NORMAL
181,nancy.king181@company.com,0,NORMAL
182,nancy.martin182@company.com,0,NORMAL
183,nancy.miller183@company.com,0,NORMAL
184,nancy.robinson184@company.com,0,NORMAL
185,nancy.white185@company.com,0,NORMAL
186,patricia.sanchez186@company.com,0,NORMAL
187,patricia.taylor187@company.com,0,NORMAL
188,patricia.wilson188@company.com,0,NORMAL
189,paul.green189@company.com,0,NORMAL
190,paul.hall190@company.com,0,NORMAL
191,paul.jones191@company.com,0,NORMAL
192,paul.nelson192@company.com,0,NORMAL
193,paul.smith193@company.com,0,NORMAL
194,paul.thomas194@company.com,0,NORMAL
195,paul.williams195@company.com,0,NORMAL
196,richard.garcia196@company.com,0,NORMAL
197,richard.green197@company.com,0,NORMAL
198,richard.jones198@company.com,0,NORMAL
199,richard.miller199@company.com,0,NORMAL
200,richard.thomas200@company.com,0,NORMAL
201,robert.campbell201@company.com,0,NORMAL
202,robert.johnson202@company.com,0,NORMAL
203,robert.martin203@company.com,0,NORMAL
204,robert.nelson204@company.com,0,NORMAL
205,ronald.brown205@company.com,0,NORMAL
206,ronald.nelson206@company.com,0,NORMAL
207,ronald.white207@company.com,0,NORMAL
208,ryan.green208@company.com,0,NORMAL
209,ryan.harris209@company.com,0,NORMAL
210,ryan.king210@company.com,0,NORMAL
211,ryan.lee211@company.com,0,NORMAL
212,ryan.thomas212@company.com,0,NORMAL
213,ryan.wright213@company.com,0,NORMAL
214,sandra.adams214@company.com,0,NORMAL
215,sandra.green215@company.com,0,NORMAL
216,sandra.mitchell216@company.com,0,NORMAL
217,sandra.thomas217@company.com,0,NORMAL
218,sandra.wright218@company.com,0,NORMAL
219,sarah.johnson219@company.com,0,NORMAL
220,sarah.ramirez220@company.com,0,NORMAL
221,sarah.taylor221@company.com,0,NORMAL
222,sarah.williams222@company.com,0,NORMAL
223,steven.allen223@company.com,0,NORMAL
224,steven.king224@company.com,0,NORMAL
225,steven.robinson225@company.com,0,NORMAL
226,steven.sanchez226@company.com,0,NORMAL
227,steven.scott227@company.com,0,NORMAL
228,steven.wilson228@company.com,0,NORMAL
229,susan.gonzalez229@company.com,0,NORMAL
230,susan.walker230@company.com,0,NORMAL
231,thomas.nelson231@company.com,0,NORMAL
232,thomas.ramirez232@company.com,0,NORMAL
233,thomas.rodriguez233@company.com,0,NORMAL
234,thomas.taylor234@company.com,0,NORMAL
235,thomas.thomas235@company.com,0,NORMAL
236,thomas.thompson236@company.com,0,NORMAL
237,timothy.anderson237@company.com,0,NORMAL
238,timothy.gonzalez238@company.com,0,NORMAL
239,timothy.johnson239@company.com,0,NORMAL
240,timothy.nelson240@company.com,0,NORMAL
241,timothy.robinson241@company.com,0,NORMAL
242,timothy.young242@company.com,0,NORMAL
243,william.baker243@company.com,0,NORMAL
244,william.carter244@company.com,0,NORMAL
245,william.harris245@company.com,0,NORMAL
246,william.hill246@company.com,0,NORMAL
247,william.lewis247@company.com,0,NORMAL
248,william.perez248@company.com,0,NORMAL
249,william.thomas249@company.com,0,NORMAL
250,william.williams250@company.com,0,NORMAL
