userid,username,email,status,role,tokenusage,createdat,rotatedat
10001,andrewgarcia.14,andrew.garcia1@company.com,ACTIVE,S3ReadOnly,1690,2025-09-18,2026-09-03
10002,andrewgreen.63,andrew.green2@company.com,ACTIVE,S3ReadOnly,568,2025-07-17,2026-09-12
10003,andrewhill_30,andrew.hill3@company.com,ACTIVE,S3ReadOnly,1107,2026-01-18,2026-08-24
10004,andrewramirez.16,andrew.ramirez4@company.com,ACTIVE,S3ReadOnly,1566,2025-04-29,2026-08-28
10005,andrewwilson_59,andrew.wilson5@company.com,ACTIVE,S3ReadOnly,791,2026-01-20,2026-09-04
10006,anthonyadams_31,anthony.adams6@company.com,ACTIVE,S3ReadOnly,1529,2026-01-19,2026-08-09
10007,anthonynelson.65,anthony.nelson7@company.com,ACTIVE,S3ReadOnly,1154,2025-10-02,2026-07-10
10008,ANTHONYRIVERA,anthony.rivera8@company.com,ACTIVE,S3ReadOnly,325,2025-05-25,2026-09-10
10009,anthonytorres_46,anthony.torres9@company.com,ACTIVE,S3ReadOnly,1647,2025-11-01,2026-09-13
10010,ANTHONYWRIGHT,anthony.wright10@company.com,ACTIVE,S3ReadOnly,1359,2025-12-24,2026-09-03
10011,ashle.yadams,ashley.adams11@company.com,ACTIVE,S3ReadOnly,48,2025-11-22,2026-07-10
10012,ASHLEYGREEN,ashley.green12@company.com,ACTIVE,S3ReadOnly,1039,2025-08-30,2026-08-31
10013,ashle.yjones,ashley.jones13@company.com,ACTIVE,S3ReadOnly,128,2025-08-01,2026-08-24
10014,ashleylee_6,ashley.lee14@company.com,ACTIVE,S3ReadOnly,1357,2025-06-17,2026-08-31
10015,ashleymartin.78,ashley.martin15@company.com,ACTIVE,S3ReadOnly,1316,2025-06-18,2026-08-27
10016,ASHLEYRAMIREZ,ashley.ramirez16@company.com,ACTIVE,S3ReadOnly,1694,2025-09-07,2026-08-23
10017,ashleyyoung.54,ashley.young17@company.com,ACTIVE,S3ReadOnly,1416,2025-08-28,2026-09-03
10018,barbaraanderson_12,barbara.anderson18@company.com,ACTIVE,S3ReadOnly,1616,2025-09-22,2026-07-30
10019,barbaraclark.54,barbara.clark19@company.com,ACTIVE,S3ReadOnly,663,2025-12-20,2026-09-18
10020,barbaragonzalez_85,barbara.gonzalez20@company.com,ACTIVE,S3ReadOnly,1135,2025-09-09,2026-09-07
10021,barbarahernandez-1,barbara.hernandez21@company.com,ACTIVE,S3ReadOnly,77,2026-02-23,2026-09-13
10022,BARBARAMARTIN,barbara.martin22@company.com,ACTIVE,S3ReadOnly,128,2025-10-16,2026-09-01
10023,barbaramartinez_44,barbara.martinez23@company.com,ACTIVE,S3ReadOnly,1721,2025-06-17,2026-07-27
10024,BARBARAMILLER_9,barbara.miller24@company.com,ACTIVE,S3ReadOnly,455,2025-06-10,2026-08-27
10025,BARBARANELSON,barbara.nelson25@company.com,ACTIVE,S3ReadOnly,1415,2026-02-09,2026-08-21
10026,barbarasmith-3,barbara.smith26@company.com,ACTIVE,S3ReadOnly,1168,2025-06-09,2026-08-22
10027,bettymiller-1,betty.miller27@company.com,ACTIVE,S3ReadOnly,228,2025-08-23,2026-09-05
10028,bettymitchell_27,betty.mitchell28@company.com,ACTIVE,S3ReadOnly,329,2025-05-11,2026-09-08
10029,BETTYRAMIREZ,betty.ramirez29@company.com,ACTIVE,S3ReadOnly,1917,2026-02-11,2026-09-02
10030,bettyrivera.41,betty.rivera30@company.com,ACTIVE,S3ReadOnly,1231,2025-07-12,2026-08-17
10031,bettywalker.80,betty.walker31@company.com,ACTIVE,AdministratorAccess,823,2025-07-30,2026-08-13
10032,BRIANRAMIREZ,brian.ramirez32@company.com,ACTIVE,AdministratorAccess,1350,2026-02-23,2026-09-04
10033,brianroberts-2,brian.roberts33@company.com,ACTIVE,AdministratorAccess,1111,2025-11-24,2026-09-09
10034,BRIANTHOMPSON,brian.thompson34@company.com,ACTIVE,AdministratorAccess,1746,2025-11-22,2026-06-27
10035,brianwilson.16,brian.wilson35@company.com,ACTIVE,AdministratorAccess,1223,2025-05-24,2026-08-24
10036,CHARLESGONZALEZ_7,charles.gonzalez36@company.com,ACTIVE,AdministratorAccess,940,2025-05-02,2026-09-08
10037,CHARLESGREEN_8,charles.green37@company.com,ACTIVE,AdministratorAccess,58,2025-12-14,2026-09-17
10038,charlesmoore-4,charles.moore38@company.com,ACTIVE,AdministratorAccess,1721,2025-09-26,2026-08-19
10039,charle.staylor,charles.taylor39@company.com,ACTIVE,AdministratorAccess,1184,2025-12-26,2026-08-10
10040,CHARLESTHOMAS_3,charles.thomas40@company.com,ACTIVE,AdministratorAccess,658,2025-10-27,2026-06-22
10041,charle.swilson,charles.wilson41@company.com,ACTIVE,AdministratorAccess,869,2025-08-14,2026-06-18
10042,CHRISTOPHERBAKER,christopher.baker42@company.com,ACTIVE,AdministratorAccess,907,2025-10-19,2026-05-28
10043,christopherhall.35,christopher.hall43@company.com,ACTIVE,AdministratorAccess,1751,2025-10-28,2026-05-08
10044,CHRISTOPHERHARRIS_6,christopher.harris44@company.com,ACTIVE,AdministratorAccess,26,2025-08-09,2026-09-07
10045,christopherlewis-7,christopher.lewis45@company.com,ACTIVE,AdministratorAccess,1198,2025-06-13,2026-09-21
10046,CHRISTOPHERLOPEZ_3,christopher.lopez46@company.com,ACTIVE,AdministratorAccess,968,2026-01-31,2026-09-01
10047,christophermitchell.30,christopher.mitchell47@company.com,ACTIVE,AdministratorAccess,364,2025-07-24,2026-09-20
10048,CHRISTOPHERROBINSON,christopher.robinson48@company.com,ACTIVE,AdministratorAccess,704,2026-03-10,2026-08-25
10049,christopherwright-3,christopher.wright49@company.com,ACTIVE,AdministratorAccess,1960,2026-01-09,2026-09-15
10050,danie.lallen,daniel.allen50@company.com,ACTIVE,AdministratorAccess,369,2025-05-08,2026-08-21
10051,DANIELMITCHELL,daniel.mitchell51@company.com,ACTIVE,AdministratorAccess,150,2025-12-11,2026-08-26
10052,danielmoore.39,daniel.moore52@company.com,ACTIVE,AdministratorAccess,1735,2025-11-23,2026-06-24
10053,david.carter,david.carter53@company.com,ACTIVE,AdministratorAccess,815,2025-06-07,2026-09-18
10054,david.garcia,david.garcia54@company.com,ACTIVE,AdministratorAccess,1521,2025-10-20,2026-09-16
10055,DAVIDLOPEZ,david.lopez55@company.com,ACTIVE,AdministratorAccess,1210,2025-08-27,2026-08-23
10056,david.scott,david.scott56@company.com,ACTIVE,ReadOnlyAccess,1475,2026-02-02,2026-09-11
10057,davidwilson_89,david.wilson57@company.com,ACTIVE,ReadOnlyAccess,959,2026-02-01,2026-08-21
10058,donaldanderson_97,donald.anderson58@company.com,ACTIVE,ReadOnlyAccess,1816,2025-06-04,2026-08-21
10059,donaldbrown_97,donald.brown59@company.com,ACTIVE,ReadOnlyAccess,1971,2026-01-10,2026-09-11
10060,donaldh.ernandez,donald.hernandez60@company.com,ACTIVE,ReadOnlyAccess,28,2025-05-25,2026-08-29
10061,donaldmoore-6,donald.moore61@company.com,ACTIVE,ReadOnlyAccess,319,2026-03-06,2026-09-05
10062,DONALDNGUYEN,donald.nguyen62@company.com,ACTIVE,ReadOnlyAccess,169,2026-01-26,2026-09-15
10063,DONALDSANCHEZ,donald.sanchez63@company.com,ACTIVE,ReadOnlyAccess,1321,2025-06-26,2026-08-16
10064,donald.torres,donald.torres64@company.com,ACTIVE,ReadOnlyAccess,1974,2025-09-30,2026-09-11
10065,donaldwalker-9,donald.walker65@company.com,ACTIVE,ReadOnlyAccess,1629,2025-09-07,2026-08-05
10066,donnacampbell.93,donna.campbell66@company.com,ACTIVE,ReadOnlyAccess,1887,2026-01-20,2026-09-16
10067,donnahernandez_81,donna.hernandez67@company.com,ACTIVE,ReadOnlyAccess,553,2025-06-20,2026-09-07
10068,donna.jones,donna.jones68@company.com,ACTIVE,ReadOnlyAccess,980,2025-12-09,2026-09-16
10069,donnamoore-9,donna.moore69@company.com,ACTIVE,ReadOnlyAccess,780,2025-08-10,2026-08-23
10070,donna.perez,donna.perez70@company.com,ACTIVE,ReadOnlyAccess,243,2025-07-27,2026-08-13
10071,EDWARDHILL,edward.hill71@company.com,ACTIVE,ReadOnlyAccess,1925,2026-02-17,
10072,edwardmiller_27,edward.miller72@company.com,ACTIVE,ReadOnlyAccess,1711,2025-06-23,
10073,EDWARDMOORE_4,edward.moore73@company.com,ACTIVE,ReadOnlyAccess,1142,2025-08-21,
10074,elizabethcampbell.69,elizabeth.campbell74@company.com,ACTIVE,ReadOnlyAccess,1474,2026-01-01,
10075,ELIZABETHGARCIA_1,elizabeth.garcia75@company.com,ACTIVE,ReadOnlyAccess,1211,2025-12-24,
10076,elizabe.thlewis,elizabeth.lewis76@company.com,ACTIVE,ReadOnlyAccess,1633,2026-02-11,
10077,elizabe.thrivera,elizabeth.rivera77@company.com,ACTIVE,ReadOnlyAccess,2000,2025-10-28,
10078,elizabethroberts.62,elizabeth.roberts78@company.com,ACTIVE,ReadOnlyAccess,1279,2026-01-12,
10079,ELIZABETHRODRIGUEZ_2,elizabeth.rodriguez79@company.com,ACTIVE,ReadOnlyAccess,1256,2026-01-06,
10080,ELIZABETHSMITH_4,elizabeth.smith80@company.com,ACTIVE,ReadOnlyAccess,774,2025-10-23,
10081,ELIZABETHTAYLOR,elizabeth.taylor81@company.com,ACTIVE,AdministratorAccess,1965,2026-01-23,2026-09-08
10082,elizabethwilliams_79,elizabeth.williams82@company.com,ACTIVE,PowerUserAccess,626,2025-12-18,2026-08-26
10083,elizabethwilson-2,elizabeth.wilson83@company.com,ACTIVE,AdministratorAccess,1118,2025-10-15,2026-08-17
10084,emilymiller_19,emily.miller84@company.com,ACTIVE,AdministratorAccess,222,2026-01-09,2026-08-16
10085,EMILYNGUYEN,emily.nguyen85@company.com,ACTIVE,AdministratorAccess,1967,2025-05-28,2026-08-28
10086,EMILYSCOTT,emily.scott86@company.com,ACTIVE,PowerUserAccess,1422,2025-05-28,2026-07-07
10087,emily.wright,emily.wright87@company.com,ACTIVE,PowerUserAccess,1360,2025-12-03,2026-08-09
10088,georgecarter_49,george.carter88@company.com,ACTIVE,PowerUserAccess,1386,2025-09-01,2026-09-13
10089,georgeh.ernandez,george.hernandez89@company.com,ACTIVE,PowerUserAccess,1947,2025-10-15,2026-07-06
10090,george.jackson,george.jackson90@company.com,ACTIVE,AdministratorAccess,1787,2025-12-14,2026-06-17
10091,GEORGEMARTIN,george.martin91@company.com,ACTIVE,PowerUserAccess,1173,2025-05-10,2026-06-09
10092,GEORGENGUYEN,george.nguyen92@company.com,ACTIVE,AdministratorAccess,1119,2025-06-01,2026-06-14
10093,GEORGETHOMPSON_7,george.thompson93@company.com,ACTIVE,AdministratorAccess,240,2025-11-21,2026-06-03
10094,georgewilliams-7,george.williams94@company.com,ACTIVE,AdministratorAccess,985,2025-07-10,2026-08-25
10095,jamesbaker-1,james.baker95@company.com,ACTIVE,AdministratorAccess,493,2025-08-11,2026-08-14
10096,JAMESCAMPBELL_9,james.campbell96@company.com,ACTIVE,PowerUserAccess,1472,2025-09-14,2026-09-12
10097,jamesharris_76,james.harris97@company.com,ACTIVE,AdministratorAccess,143,2025-05-19,2026-09-15
10098,jameshill.12,james.hill98@company.com,ACTIVE,AdministratorAccess,1103,2025-07-18,2026-09-07
10099,JAMESJONES,james.jones99@company.com,ACTIVE,AdministratorAccess,1202,2025-12-24,2026-09-05
10100,JAMESNELSON,james.nelson100@company.com,ACTIVE,PowerUserAccess,1779,2025-08-05,2026-09-13
10101,james.perez,james.perez101@company.com,ACTIVE,AdministratorAccess,1411,2026-01-21,2026-07-20
10102,jamesrobinson_40,james.robinson102@company.com,ACTIVE,PowerUserAccess,90,2026-02-25,2026-08-28
10103,jasonhill_50,jason.hill103@company.com,ACTIVE,PowerUserAccess,1485,2025-08-18,2026-08-17
10104,jasonnguyen-2,jason.nguyen104@company.com,ACTIVE,PowerUserAccess,1663,2025-08-11,2026-09-18
10105,JASONRODRIGUEZ_6,jason.rodriguez105@company.com,ACTIVE,PowerUserAccess,1954,2025-07-01,2026-09-15
10106,jeffreydavis.73,jeffrey.davis106@company.com,ACTIVE,AdministratorAccess,757,2025-12-29,2026-08-14
10107,jeffreyking.38,jeffrey.king107@company.com,ACTIVE,AdministratorAccess,346,2026-01-19,2026-08-29
10108,jeffreynguyen_4,jeffrey.nguyen108@company.com,ACTIVE,AdministratorAccess,1651,2026-03-10,2026-09-25
10109,JEFFREYSCOTT_8,jeffrey.scott109@company.com,ACTIVE,AdministratorAccess,1179,2025-10-21,2026-09-07
10110,jennifercarter-7,jennifer.carter110@company.com,ACTIVE,PowerUserAccess,678,2026-02-05,2026-07-21
10111,jenniferhill.32,jennifer.hill111@company.com,ACTIVE,AdministratorAccess,382,2026-03-22,2026-09-08
10112,jennife.rtaylor,jennifer.taylor112@company.com,ACTIVE,PowerUserAccess,1520,2025-09-15,2026-08-27
10113,jenniferthomas_64,jennifer.thomas113@company.com,ACTIVE,PowerUserAccess,74,2025-08-20,2026-09-13
10114,jennif.eryoung,jennifer.young114@company.com,ACTIVE,AdministratorAccess,252,2025-05-30,2026-06-26
10115,jessicaanderson_2,jessica.anderson115@company.com,ACTIVE,PowerUserAccess,1797,2025-07-07,2026-09-21
10116,jessicaramirez_3,jessica.ramirez116@company.com,ACTIVE,AdministratorAccess,161,2025-08-14,2026-09-06
10117,JESSICATORRES_9,jessica.torres117@company.com,ACTIVE,AdministratorAccess,289,2025-08-03,2026-09-11
10118,JOHNDAVIS_2,john.davis118@company.com,ACTIVE,PowerUserAccess,1937,2026-01-05,2026-08-10
10119,johnmitchell.50,john.mitchell119@company.com,ACTIVE,AdministratorAccess,1110,2025-10-30,2026-09-18
10120,johnnguyen_84,john.nguyen120@company.com,ACTIVE,AdministratorAccess,1962,2026-01-17,2026-09-08
10121,JOSEPHHARRIS_7,joseph.harris121@company.com,ACTIVE,AdministratorAccess,1484,2025-11-18,2026-08-19
10122,JOSEPHJONES_9,joseph.jones122@company.com,ACTIVE,AdministratorAccess,957,2025-12-03,2026-08-25
10123,joseph.miller,joseph.miller123@company.com,ACTIVE,PowerUserAccess,1413,2025-12-24,2026-08-17
10124,joseph.torres,joseph.torres124@company.com,ACTIVE,AdministratorAccess,1596,2026-02-05,2026-08-28
10125,JOSHUAFLORES,joshua.flores125@company.com,ACTIVE,AdministratorAccess,427,2026-01-24,2026-09-11
10126,joshuagreen_92,joshua.green126@company.com,ACTIVE,S3ReadOnly,196,2025-08-29,2026-07-12
10127,karengarcia.64,karen.garcia127@company.com,ACTIVE,S3ReadOnly,936,2025-08-20,2026-09-09
10128,karenmitchell-9,karen.mitchell128@company.com,ACTIVE,S3ReadOnly,126,2025-12-03,2026-09-07
10129,KARENTORRES_1,karen.torres129@company.com,ACTIVE,ReadOnlyAccess,1294,2025-05-05,2026-09-08
10130,KARENWHITE,karen.white130@company.com,ACTIVE,ReadOnlyAccess,1583,2025-07-16,2026-09-09
10131,KENNETHBROWN,kenneth.brown131@company.com,ACTIVE,ReadOnlyAccess,1026,2025-12-09,2026-09-02
10132,KENNETHROBERTS,kenneth.roberts132@company.com,ACTIVE,ReadOnlyAccess,639,2026-01-08,2026-08-13
10133,KENNETHSANCHEZ_8,kenneth.sanchez133@company.com,ACTIVE,S3ReadOnly,1324,2025-08-07,2026-09-15
10134,kenneththomas.37,kenneth.thomas134@company.com,ACTIVE,S3ReadOnly,338,2025-12-27,2026-06-22
10135,KENNETHYOUNG,kenneth.young135@company.com,ACTIVE,S3ReadOnly,47,2025-10-29,2026-08-16
10136,kevin.clark,kevin.clark136@company.com,ACTIVE,S3ReadOnly,1160,2026-03-05,2026-09-12
10137,kevindavis-9,kevin.davis137@company.com,ACTIVE,ReadOnlyAccess,1783,2026-03-02,2026-08-28
10138,kevinjones_51,kevin.jones138@company.com,ACTIVE,ReadOnlyAccess,145,2025-05-29,2026-06-18
10139,kevin.moore,kevin.moore139@company.com,ACTIVE,ReadOnlyAccess,312,2025-10-06,2026-09-13
10140,KEVINWILSON,kevin.wilson140@company.com,ACTIVE,S3ReadOnly,529,2025-08-26,2026-08-26
10141,kimberlybrown-3,kimberly.brown141@company.com,ACTIVE,S3ReadOnly,995,2025-06-06,2026-08-02
10142,kimber.lydavis,kimberly.davis142@company.com,ACTIVE,S3ReadOnly,732,2026-03-15,2026-08-22
10143,kimber.lyperez,kimberly.perez143@company.com,ACTIVE,ReadOnlyAccess,640,2025-10-30,2026-09-04
10144,kimberlytaylor-7,kimberly.taylor144@company.com,ACTIVE,ReadOnlyAccess,828,2025-07-05,2026-08-30
10145,kimberlytorres-3,kimberly.torres145@company.com,ACTIVE,S3ReadOnly,876,2026-02-18,2026-09-11
10146,KIMBERLYYOUNG,kimberly.young146@company.com,ACTIVE,ReadOnlyAccess,1843,2025-12-16,2026-09-09
10147,LINDAHERNANDEZ,linda.hernandez147@company.com,ACTIVE,S3ReadOnly,1891,2025-05-21,2026-09-22
10148,LINDALEE,linda.lee148@company.com,ACTIVE,S3ReadOnly,1190,2025-05-16,2026-09-06
10149,lisadavis_55,lisa.davis149@company.com,ACTIVE,S3ReadOnly,377,2025-05-28,2026-09-11
10150,lisahernandez.90,lisa.hernandez150@company.com,ACTIVE,S3ReadOnly,427,2025-07-28,2026-08-28
10151,lisaramirez.99,lisa.ramirez151@company.com,ACTIVE,ReadOnlyAccess,830,2025-11-14,2026-09-02
10152,lisataylor_75,lisa.taylor152@company.com,ACTIVE,ReadOnlyAccess,563,2025-06-12,2026-07-18
10153,margaretcampbell.36,margaret.campbell153@company.com,ACTIVE,S3ReadOnly,497,2025-07-28,2026-09-14
10154,margaretgonzalez.74,margaret.gonzalez154@company.com,ACTIVE,ReadOnlyAccess,937,2025-05-25,2026-08-16
10155,margaretmartinez-3,margaret.martinez155@company.com,ACTIVE,ReadOnlyAccess,1869,2026-02-15,2026-09-01
10156,MARGARETRAMIREZ,margaret.ramirez156@company.com,ACTIVE,ReadOnlyAccess,85,2026-03-13,2026-09-10
10157,MARGARETSCOTT_5,margaret.scott157@company.com,ACTIVE,S3ReadOnly,855,2025-11-11,2026-08-23
10158,margare.twright,margaret.wright158@company.com,ACTIVE,ReadOnlyAccess,629,2025-09-27,2026-06-28
10159,mark.allen,mark.allen159@company.com,ACTIVE,S3ReadOnly,543,2025-07-01,2026-08-25
10160,mark.baker,mark.baker160@company.com,ACTIVE,S3ReadOnly,919,2026-02-15,2026-09-13
10161,MARKMILLER_8,mark.miller161@company.com,ACTIVE,S3ReadOnly,1499,2025-09-19,2026-08-27
10162,markroberts.50,mark.roberts162@company.com,ACTIVE,ReadOnlyAccess,1215,2025-11-04,2026-08-28
10163,markrodriguez_7,mark.rodriguez163@company.com,ACTIVE,S3ReadOnly,983,2025-07-19,2026-06-24
10164,MARKWILLIAMS_8,mark.williams164@company.com,ACTIVE,ReadOnlyAccess,943,2025-07-21,2026-08-27
10165,maryallen_51,mary.allen165@company.com,ACTIVE,S3ReadOnly,604,2025-12-17,2026-08-16
10166,marywilson.75,mary.wilson166@company.com,ACTIVE,ReadOnlyAccess,185,2025-10-10,2026-07-02
10167,matthewgonzalez_66,matthew.gonzalez167@company.com,ACTIVE,S3ReadOnly,1364,2025-07-06,2026-09-12
10168,matthewmartinez.33,matthew.martinez168@company.com,ACTIVE,ReadOnlyAccess,205,2025-11-18,2026-09-06
10169,michaeladams.10,michael.adams169@company.com,ACTIVE,S3ReadOnly,530,2025-09-18,2026-08-28
10170,michaelallen.79,michael.allen170@company.com,ACTIVE,ReadOnlyAccess,211,2025-09-14,2026-08-31
10171,michaelanderson.86,michael.anderson171@company.com,ACTIVE,S3ReadOnly,1185,2025-06-01,2026-08-26
10172,MICHAELDAVIS_4,michael.davis172@company.com,ACTIVE,ReadOnlyAccess,650,2025-12-19,2026-08-27
10173,michaelgarcia.61,michael.garcia173@company.com,ACTIVE,S3ReadOnly,87,2025-06-19,2026-09-07
10174,michael.mitchell,michael.mitchell174@company.com,ACTIVE,S3ReadOnly,1390,2025-11-13,2026-09-07
10175,MICHAELNGUYEN_1,michael.nguyen175@company.com,ACTIVE,ReadOnlyAccess,1131,2025-08-14,2026-08-27
10176,MICHAELSANCHEZ,michael.sanchez176@company.com,ACTIVE,ReadOnlyAccess,752,2025-11-17,2026-09-18
10177,MICHELLEADAMS,michelle.adams177@company.com,ACTIVE,S3ReadOnly,1064,2025-09-20,2026-09-03
10178,michellebrown-8,michelle.brown178@company.com,ACTIVE,ReadOnlyAccess,157,2025-05-13,2026-09-05
10179,MICHELLEKING_2,michelle.king179@company.com,ACTIVE,S3ReadOnly,1069,2025-07-02,2026-08-28
10180,MICHELLERODRIGUEZ_1,michelle.rodriguez180@company.com,ACTIVE,ReadOnlyAccess,1186,2025-09-14,2026-09-11
10181,nancyking.64,nancy.king181@company.com,ACTIVE,S3ReadOnly,542,2025-10-21,2026-08-13
10182,NANCYMARTIN_2,nancy.martin182@company.com,ACTIVE,S3ReadOnly,397,2026-01-10,2026-08-26
10183,nancymiller.66,nancy.miller183@company.com,ACTIVE,S3ReadOnly,780,2025-06-06,2026-09-02
10184,NANCYROBINSON,nancy.robinson184@company.com,ACTIVE,ReadOnlyAccess,1095,2025-10-31,2026-09-13
10185,nancywhite-7,nancy.white185@company.com,ACTIVE,ReadOnlyAccess,466,2025-06-11,2026-06-09
10186,PATRICIASANCHEZ_3,patricia.sanchez186@company.com,ACTIVE,ReadOnlyAccess,945,2025-06-03,2026-08-20
10187,PATRICIATAYLOR,patricia.taylor187@company.com,ACTIVE,S3ReadOnly,1111,2025-06-26,2026-08-26
10188,patriciawilson_49,patricia.wilson188@company.com,ACTIVE,S3ReadOnly,1087,2025-12-17,2026-09-01
10189,paulgreen_2,paul.green189@company.com,ACTIVE,S3ReadOnly,921,2026-01-02,2026-09-09
10190,paulhall.97,paul.hall190@company.com,ACTIVE,S3ReadOnly,647,2025-09-20,2026-09-12
10191,paul.jones,paul.jones191@company.com,ACTIVE,ReadOnlyAccess,258,2025-07-02,2026-09-01
10192,PAULNELSON,paul.nelson192@company.com,ACTIVE,S3ReadOnly,435,2025-10-15,2026-08-17
10193,PAULSMITH,paul.smith193@company.com,ACTIVE,ReadOnlyAccess,337,2025-10-17,2026-06-15
10194,paulthomas-6,paul.thomas194@company.com,ACTIVE,S3ReadOnly,1128,2025-08-23,2026-08-25
10195,paulwi.lliams,paul.williams195@company.com,ACTIVE,ReadOnlyAccess,237,2025-06-04,2026-09-07
10196,RICHARDGARCIA_1,richard.garcia196@company.com,ACTIVE,S3ReadOnly,1856,2025-08-22,2026-09-03
10197,richar.dgreen,richard.green197@company.com,ACTIVE,S3ReadOnly,1450,2025-12-22,2026-08-21
10198,richardjones_58,richard.jones198@company.com,ACTIVE,S3ReadOnly,996,2025-04-27,2026-08-11
10199,RICHARDMILLER,richard.miller199@company.com,ACTIVE,S3ReadOnly,1109,2025-05-06,2026-08-23
10200,richardthomas.45,richard.thomas200@company.com,ACTIVE,S3ReadOnly,131,2025-06-19,2026-09-07
10201,ROBERTCAMPBELL_4,robert.campbell201@company.com,ACTIVE,S3ReadOnly,1965,2026-03-13,2026-09-11
10202,ROBERTJOHNSON,robert.johnson202@company.com,ACTIVE,S3ReadOnly,1197,2025-06-26,2026-08-21
10203,robertmartin_44,robert.martin203@company.com,ACTIVE,S3ReadOnly,1753,2026-03-03,2026-09-13
10204,robertnelson.51,robert.nelson204@company.com,ACTIVE,ReadOnlyAccess,1070,2026-01-25,2026-08-16
10205,ronal.dbrown,ronald.brown205@company.com,ACTIVE,S3ReadOnly,453,2025-09-03,2026-09-02
10206,RONALDNELSON_4,ronald.nelson206@company.com,ACTIVE,ReadOnlyAccess,1561,2025-11-29,2026-09-21
10207,RONALDWHITE_6,ronald.white207@company.com,ACTIVE,ReadOnlyAccess,904,2026-02-25,2026-08-18
10208,RYANGREEN,ryan.green208@company.com,ACTIVE,S3ReadOnly,1324,2026-02-04,2026-08-27
10209,ryanharris-4,ryan.harris209@company.com,ACTIVE,ReadOnlyAccess,538,2025-05-31,2026-08-26
10210,ryanking.77,ryan.king210@company.com,ACTIVE,S3ReadOnly,1038,2025-07-16,2026-09-01
10211,ryanlee-3,ryan.lee211@company.com,ACTIVE,S3ReadOnly,1015,2025-08-05,2026-08-14
10212,ryanthomas.19,ryan.thomas212@company.com,ACTIVE,S3ReadOnly,1207,2026-02-04,2026-09-02
10213,ryanwright.93,ryan.wright213@company.com,ACTIVE,ReadOnlyAccess,1534,2025-05-28,2026-08-29
10214,sandraadams.70,sandra.adams214@company.com,ACTIVE,S3ReadOnly,499,2026-01-11,2026-08-10
10215,sandragreen-3,sandra.green215@company.com,ACTIVE,S3ReadOnly,1872,2026-03-11,2026-09-05
10216,sandramitchell-1,sandra.mitchell216@company.com,ACTIVE,ReadOnlyAccess,823,2025-12-05,2026-08-05
10217,sandrathomas-2,sandra.thomas217@company.com,ACTIVE,S3ReadOnly,647,2025-11-02,2026-08-29
10218,sandrawright_17,sandra.wright218@company.com,ACTIVE,S3ReadOnly,1518,2026-03-27,2026-09-11
10219,sarahjohnson.77,sarah.johnson219@company.com,ACTIVE,S3ReadOnly,1486,2026-01-23,2026-08-29
10220,SARAHRAMIREZ_8,sarah.ramirez220@company.com,ACTIVE,ReadOnlyAccess,1375,2025-12-11,2026-08-02
10221,SARAHTAYLOR_1,sarah.taylor221@company.com,ACTIVE,S3ReadOnly,949,2025-07-11,2026-08-18
10222,SARAHWILLIAMS,sarah.williams222@company.com,ACTIVE,S3ReadOnly,606,2025-12-28,2026-09-24
10223,stevenallen-4,steven.allen223@company.com,ACTIVE,ReadOnlyAccess,116,2025-08-27,2026-08-15
10224,stevenking_9,steven.king224@company.com,ACTIVE,S3ReadOnly,869,2026-01-13,2026-09-15
10225,STEVENROBINSON_8,steven.robinson225@company.com,ACTIVE,S3ReadOnly,1627,2025-07-21,2026-08-21
10226,STEVENSANCHEZ,steven.sanchez226@company.com,ACTIVE,ReadOnlyAccess,958,2025-12-02,2026-09-19
10227,STEVENSCOTT,steven.scott227@company.com,ACTIVE,ReadOnlyAccess,1224,2025-12-17,2026-09-11
10228,stevenwilson-4,steven.wilson228@company.com,ACTIVE,S3ReadOnly,817,2026-03-10,2026-09-13
10229,susangonzalez.56,susan.gonzalez229@company.com,ACTIVE,S3ReadOnly,1636,2025-11-12,2026-08-19
10230,SUSANWALKER,susan.walker230@company.com,ACTIVE,S3ReadOnly,762,2025-05-24,2026-08-30
10231,THOMASNELSON_7,thomas.nelson231@company.com,ACTIVE,ReadOnlyAccess,798,2025-09-09,2026-08-19
10232,thomasramirez.77,thomas.ramirez232@company.com,ACTIVE,ReadOnlyAccess,1166,2025-07-21,2026-09-02
10233,thomasrodriguez_58,thomas.rodriguez233@company.com,ACTIVE,S3ReadOnly,462,2026-02-05,2026-08-13
10234,thomastaylor-5,thomas.taylor234@company.com,ACTIVE,ReadOnlyAccess,199,2025-11-05,2026-07-19
10235,thomasthomas-7,thomas.thomas235@company.com,ACTIVE,ReadOnlyAccess,106,2025-12-01,2026-09-03
10236,thomast.hompson,thomas.thompson236@company.com,ACTIVE,ReadOnlyAccess,1495,2025-08-16,2026-09-09
10237,timothy.anderson,timothy.anderson237@company.com,ACTIVE,ReadOnlyAccess,1440,2025-12-26,2026-08-23
10238,timothygonzalez_62,timothy.gonzalez238@company.com,ACTIVE,ReadOnlyAccess,377,2025-06-18,2026-09-07
10239,TIMOTHYJOHNSON_8,timothy.johnson239@company.com,ACTIVE,ReadOnlyAccess,148,2025-11-19,2026-08-30
10240,timothynelson.10,timothy.nelson240@company.com,ACTIVE,S3ReadOnly,1937,2025-10-04,2026-09-06
10241,TIMOTHYROBINSON_5,timothy.robinson241@company.com,ACTIVE,S3ReadOnly,1204,2025-07-23,2026-09-01
10242,TIMOTHYYOUNG,timothy.young242@company.com,ACTIVE,S3ReadOnly,1778,2026-01-18,2026-08-25
10243,williambaker.32,william.baker243@company.com,ACTIVE,ReadOnlyAccess,698,2025-08-25,2026-08-22
10244,williamcarter-9,william.carter244@company.com,ACTIVE,ReadOnlyAccess,821,2026-03-20,2026-08-28
10245,willia.mharris,william.harris245@company.com,ACTIVE,ReadOnlyAccess,44,2026-02-12,2026-08-19
10246,willi.amhill,william.hill246@company.com,ACTIVE,S3ReadOnly,1759,2025-09-08,2026-09-09
10247,WILLIAMLEWIS,william.lewis247@company.com,ACTIVE,S3ReadOnly,1944,2025-07-06,2026-08-29
10248,WILLIAMPEREZ,william.perez248@company.com,ACTIVE,ReadOnlyAccess,350,2026-01-06,2026-09-10
10249,williamthomas.70,william.thomas249@company.com,ACTIVE,S3ReadOnly,518,2025-11-13,2026-08-27
10250,williamwilliams-6,william.williams250@company.com,ACTIVE,ReadOnlyAccess,1548,2026-03-04,2026-08-27
