userid,username,email,status,role,tokenusage,createdat,rotatedat,last login date
20001,andrewgarcia.38,andrew.garcia1@company.com,ACTIVE,User,1638,2025-09-18,2026-09-03,2026-09-12 21:57:16
20002,andrewgreen-9,andrew.green2@company.com,ACTIVE,User,902,2025-07-17,2026-09-12,2026-09-19 21:57:16
20003,ANDREWHILL,andrew.hill3@company.com,ACTIVE,User,1957,2026-01-18,2026-08-24,2026-09-16 21:57:16
20004,andrew.ramirez,andrew.ramirez4@company.com,ACTIVE,User,115,2025-04-29,2026-08-28,2026-09-11 21:57:16
20005,andrewwilson_26,andrew.wilson5@company.com,ACTIVE,User,1181,2026-01-20,2026-09-04,2026-09-11 21:57:16
20006,anthonyadams-6,anthony.adams6@company.com,ACTIVE,User,872,2026-01-19,2026-08-09,2026-08-13 21:57:16
20007,anthon.ynelson,anthony.nelson7@company.com,ACTIVE,User,1716,2025-10-02,2026-07-10,2026-07-26 21:57:17
20008,ANTHONYRIVERA_6,anthony.rivera8@company.com,ACTIVE,User,342,2025-05-25,2026-09-10,2026-09-22 21:57:17
20009,ANTHONYTORRES,anthony.torres9@company.com,ACTIVE,User,763,2025-11-01,2026-09-13,2026-09-16 21:57:17
20010,anthonywright-3,anthony.wright10@company.com,ACTIVE,User,1288,2025-12-24,2026-09-03,2026-09-08 21:57:17
20011,ASHLEYADAMS_4,ashley.adams11@company.com,ACTIVE,User,913,2025-11-22,2026-07-10,2026-07-16 21:57:17
20012,ASHLEYGREEN_2,ashley.green12@company.com,ACTIVE,User,1900,2025-08-30,2026-08-31,2026-09-21 21:57:17
20013,ashle.yjones,ashley.jones13@company.com,ACTIVE,User,1161,2025-08-01,2026-08-24,2026-09-22 21:57:17
20014,ASHLEYLEE,ashley.lee14@company.com,ACTIVE,User,77,2025-06-17,2026-08-31,2026-09-18 21:57:17
20015,ashleymartin-7,ashley.martin15@company.com,ACTIVE,User,1882,2025-06-18,2026-08-27,2026-09-15 21:57:17
20016,ashleyramirez-2,ashley.ramirez16@company.com,ACTIVE,User,1559,2025-09-07,2026-08-23,2026-09-09 21:57:17
20017,ASHLEYYOUNG_4,ashley.young17@company.com,ACTIVE,User,916,2025-08-28,2026-09-03,2026-09-22 21:57:17
20018,barbaraanderson-8,barbara.anderson18@company.com,ACTIVE,User,632,2025-09-22,2026-07-30,2026-08-17 21:57:17
20019,barbaraclark-9,barbara.clark19@company.com,ACTIVE,User,1232,2025-12-20,2026-09-18,2026-09-18 21:57:17
20020,barbaragonzalez_39,barbara.gonzalez20@company.com,ACTIVE,User,1730,2025-09-09,2026-09-07,2026-09-25 21:57:18
20021,barbarah.ernandez,barbara.hernandez21@company.com,ACTIVE,User,944,2026-02-23,2026-09-13,2026-09-20 21:57:18
20022,barbaramartin.52,barbara.martin22@company.com,ACTIVE,User,19,2025-10-16,2026-09-01,2026-09-21 21:57:18
20023,barbara.martinez,barbara.martinez23@company.com,ACTIVE,User,799,2025-06-17,2026-07-27,2026-08-04 21:57:18
20024,barbaramiller_90,barbara.miller24@company.com,ACTIVE,User,421,2025-06-10,2026-08-27,2026-09-16 21:57:18
20025,barbar.anelson,barbara.nelson25@company.com,ACTIVE,User,324,2026-02-09,2026-08-21,2026-09-13 21:57:18
20026,barbarasmith-3,barbara.smith26@company.com,ACTIVE,User,1360,2025-06-09,2026-08-22,2026-09-21 21:57:18
20027,bettymiller.93,betty.miller27@company.com,ACTIVE,User,326,2025-08-23,2026-09-05,2026-09-16 21:57:18
20028,bettym.itchell,betty.mitchell28@company.com,ACTIVE,User,1605,2025-05-11,2026-09-08,2026-09-19 21:57:18
20029,BETTYRAMIREZ,betty.ramirez29@company.com,ACTIVE,User,1823,2026-02-11,2026-09-02,2026-09-22 21:57:18
20030,BETTYRIVERA,betty.rivera30@company.com,ACTIVE,User,327,2025-07-12,2026-08-17,2026-09-08 21:57:18
20031,BETTYWALKER_5,betty.walker31@company.com,ACTIVE,SuperAdmin,10,2025-07-30,2026-08-13,2026-09-12 21:57:18
20032,brianramirez_26,brian.ramirez32@company.com,ACTIVE,SuperAdmin,1945,2026-02-23,2026-09-04,2026-09-18 21:57:18
20033,brianroberts.68,brian.roberts33@company.com,ACTIVE,SuperAdmin,820,2025-11-24,2026-09-09,2026-09-25 21:57:19
20034,BRIANTHOMPSON,brian.thompson34@company.com,ACTIVE,SuperAdmin,434,2025-11-22,2026-06-27,2026-07-20 21:57:19
20035,BRIANWILSON,brian.wilson35@company.com,ACTIVE,SuperAdmin,1299,2025-05-24,2026-08-24,2026-09-21 21:57:19
20036,charlesgonzalez.99,charles.gonzalez36@company.com,ACTIVE,SuperAdmin,1053,2025-05-02,2026-09-08,2026-09-13 21:57:19
20037,charlesgreen_29,charles.green37@company.com,ACTIVE,SuperAdmin,1278,2025-12-14,2026-09-17,2026-09-18 21:57:19
20038,CHARLESMOORE,charles.moore38@company.com,ACTIVE,SuperAdmin,1521,2025-09-26,2026-08-19,2026-09-13 21:57:19
20039,charlestaylor_56,charles.taylor39@company.com,ACTIVE,SuperAdmin,1849,2025-12-26,2026-08-10,2026-09-08 21:57:19
20040,charle.sthomas,charles.thomas40@company.com,ACTIVE,SuperAdmin,1186,2025-10-27,2026-06-22,2026-06-23 21:57:19
20041,charleswilson_21,charles.wilson41@company.com,ACTIVE,SuperAdmin,1313,2025-08-14,2026-06-18,2026-06-29 21:57:19
20042,CHRISTOPHERBAKER_8,christopher.baker42@company.com,ACTIVE,SuperAdmin,1080,2025-10-19,2026-05-28,2026-06-09 21:57:19
20043,christopherhall.91,christopher.hall43@company.com,ACTIVE,SuperAdmin,1107,2025-10-28,2026-05-08,2026-06-03 21:57:19
20044,CHRISTOPHERHARRIS_2,christopher.harris44@company.com,ACTIVE,SuperAdmin,1873,2025-08-09,2026-09-07,2026-09-19 21:57:20
20045,christopherlewis_51,christopher.lewis45@company.com,ACTIVE,SuperAdmin,377,2025-06-13,2026-09-21,2026-09-22 21:57:20
20046,christopherlopez.77,christopher.lopez46@company.com,ACTIVE,SuperAdmin,905,2026-01-31,2026-09-01,2026-09-10 21:57:20
20047,christophermitchell-4,christopher.mitchell47@company.com,ACTIVE,SuperAdmin,418,2025-07-24,2026-09-20,2026-09-24 21:57:20
20048,CHRISTOPHERROBINSON_2,christopher.robinson48@company.com,ACTIVE,SuperAdmin,493,2026-03-10,2026-08-25,2026-09-08 21:57:20
20049,christopherwright_19,christopher.wright49@company.com,ACTIVE,SuperAdmin,844,2026-01-09,2026-09-15,2026-09-24 21:57:20
20050,danielallen-4,daniel.allen50@company.com,ACTIVE,SuperAdmin,143,2025-05-08,2026-08-21,2026-09-08 21:57:20
20051,danielmitchell.54,daniel.mitchell51@company.com,ACTIVE,SuperAdmin,709,2025-12-11,2026-08-26,2026-09-20 21:57:21
20052,danielmoore_83,daniel.moore52@company.com,ACTIVE,SuperAdmin,1037,2025-11-23,2026-06-24,2026-07-03 21:57:21
20053,davidcarter-7,david.carter53@company.com,ACTIVE,SuperAdmin,1440,2025-06-07,2026-09-18,2026-09-21 21:57:21
20054,DAVIDGARCIA,david.garcia54@company.com,ACTIVE,SuperAdmin,887,2025-10-20,2026-09-16,2026-09-23 21:57:21
20055,DAVIDLOPEZ,david.lopez55@company.com,ACTIVE,SuperAdmin,1855,2025-08-27,2026-08-23,2026-09-14 21:57:21
20056,david.scott,david.scott56@company.com,ACTIVE,User,69,2026-02-02,2026-09-11,2026-09-24 21:57:21
20057,davidwilson-3,david.wilson57@company.com,ACTIVE,User,1781,2026-02-01,2026-08-21,2026-09-14 21:57:21
20058,donaldanderson.33,donald.anderson58@company.com,ACTIVE,User,1750,2025-06-04,2026-08-21,2026-09-09 21:57:21
20059,donaldbrown.74,donald.brown59@company.com,ACTIVE,User,230,2026-01-10,2026-09-11,2026-09-14 21:57:21
20060,DONALDHERNANDEZ,donald.hernandez60@company.com,ACTIVE,User,1810,2025-05-25,2026-08-29,2026-09-20 21:57:22
20061,DONALDMOORE,donald.moore61@company.com,ACTIVE,User,374,2026-03-06,2026-09-05,2026-09-24 21:57:22
20062,donaldnguyen_83,donald.nguyen62@company.com,ACTIVE,User,752,2026-01-26,2026-09-15,2026-09-18 21:57:22
20063,donaldsanchez_59,donald.sanchez63@company.com,ACTIVE,User,447,2025-06-26,2026-08-16,2026-08-20 21:57:22
20064,donaldtorres_67,donald.torres64@company.com,ACTIVE,User,1181,2025-09-30,2026-09-11,2026-09-16 21:57:22
20065,donaldwalker_51,donald.walker65@company.com,ACTIVE,User,390,2025-09-07,2026-08-05,2026-08-18 21:57:22
20066,donnac.ampbell,donna.campbell66@company.com,ACTIVE,User,754,2026-01-20,2026-09-16,2026-09-23 21:57:22
20067,DONNAHERNANDEZ_9,donna.hernandez67@company.com,ACTIVE,User,1874,2025-06-20,2026-09-07,2026-09-12 21:57:22
20068,donnajones-2,donna.jones68@company.com,ACTIVE,User,60,2025-12-09,2026-09-16,2026-09-19 21:57:22
20069,donna.moore,donna.moore69@company.com,ACTIVE,User,1799,2025-08-10,2026-08-23,2026-09-12 21:57:23
20070,DONNAPEREZ,donna.perez70@company.com,ACTIVE,User,53,2025-07-27,2026-08-13,2026-09-12 21:57:23
20071,EDWARDHILL_3,edward.hill71@company.com,ACTIVE,User,469,2026-02-17,,2026-09-24 21:57:23
20072,edwardmiller_74,edward.miller72@company.com,ACTIVE,User,939,2025-06-23,,2026-09-12 21:57:23
20073,edwardmoore_21,edward.moore73@company.com,ACTIVE,User,1511,2025-08-21,,2026-09-16 21:57:23
20074,elizabet.hcampbell,elizabeth.campbell74@company.com,ACTIVE,User,1708,2026-01-01,,2026-09-22 21:57:23
20075,elizabethgarcia_87,elizabeth.garcia75@company.com,ACTIVE,User,1488,2025-12-24,,2026-09-16 21:57:23
20076,ELIZABETHLEWIS_6,elizabeth.lewis76@company.com,ACTIVE,User,1578,2026-02-11,,2026-09-25 21:57:23
20077,ELIZABETHRIVERA_3,elizabeth.rivera77@company.com,ACTIVE,User,948,2025-10-28,,2026-09-13 21:57:24
20078,elizabet.hroberts,elizabeth.roberts78@company.com,ACTIVE,User,1040,2026-01-12,,2026-09-19 21:57:24
20079,elizabethrodriguez_29,elizabeth.rodriguez79@company.com,ACTIVE,User,1603,2026-01-06,,2026-09-19 21:57:24
20080,elizabe.thsmith,elizabeth.smith80@company.com,ACTIVE,User,58,2025-10-23,,2026-09-18 21:57:24
20081,ELIZABETHTAYLOR,elizabeth.taylor81@company.com,ACTIVE,SuperAdmin,151,2026-01-23,2026-09-08,2026-09-25 21:57:24
20082,ELIZABETHWILLIAMS,elizabeth.williams82@company.com,ACTIVE,InternalToolsAdmin,683,2025-12-18,2026-08-26,2026-09-18 21:57:24
20083,ELIZABETHWILSON_8,elizabeth.wilson83@company.com,ACTIVE,SuperAdmin,1531,2025-10-15,2026-08-17,2026-09-12 21:57:24
20084,EMILYMILLER_6,emily.miller84@company.com,ACTIVE,SuperAdmin,1740,2026-01-09,2026-08-16,2026-09-14 21:57:24
20085,emilynguyen_50,emily.nguyen85@company.com,ACTIVE,SuperAdmin,363,2025-05-28,2026-08-28,2026-09-08 21:57:25
20086,EMILYSCOTT_7,emily.scott86@company.com,ACTIVE,InternalToolsAdmin,466,2025-05-28,2026-07-07,2026-07-11 21:57:25
20087,emily.wright,emily.wright87@company.com,ACTIVE,InternalToolsAdmin,1615,2025-12-03,2026-08-09,2026-09-08 21:57:25
20088,george.carter,george.carter88@company.com,ACTIVE,InternalToolsAdmin,563,2025-09-01,2026-09-13,2026-09-14 21:57:25
20089,georgehernandez.56,george.hernandez89@company.com,ACTIVE,InternalToolsAdmin,386,2025-10-15,2026-07-06,2026-07-10 21:57:25
20090,georgejackson-3,george.jackson90@company.com,ACTIVE,SuperAdmin,678,2025-12-14,2026-06-17,2026-06-20 21:57:25
20091,georgemartin_1,george.martin91@company.com,ACTIVE,InternalToolsAdmin,1978,2025-05-10,2026-06-09,2026-06-21 21:57:25
20092,GEORGENGUYEN_5,george.nguyen92@company.com,ACTIVE,SuperAdmin,1317,2025-06-01,2026-06-14,2026-06-23 21:57:25
20093,GEORGETHOMPSON,george.thompson93@company.com,ACTIVE,SuperAdmin,1084,2025-11-21,2026-06-03,2026-06-19 21:57:25
20094,georgew.illiams,george.williams94@company.com,ACTIVE,SuperAdmin,905,2025-07-10,2026-08-25,2026-09-13 21:57:25
20095,jamesbaker-3,james.baker95@company.com,ACTIVE,SuperAdmin,45,2025-08-11,2026-08-14,2026-09-11 21:57:25
20096,JAMESCAMPBELL,james.campbell96@company.com,ACTIVE,InternalToolsAdmin,910,2025-09-14,2026-09-12,2026-09-22 21:57:26
20097,jamesharris_79,james.harris97@company.com,ACTIVE,SuperAdmin,956,2025-05-19,2026-09-15,2026-09-24 21:57:26
20098,jameshill-5,james.hill98@company.com,ACTIVE,SuperAdmin,1364,2025-07-18,2026-09-07,2026-09-25 21:57:26
20099,jamesjones_99,james.jones99@company.com,ACTIVE,SuperAdmin,1649,2025-12-24,2026-09-05,2026-09-23 21:57:26
20100,jamesnelson-8,james.nelson100@company.com,ACTIVE,InternalToolsAdmin,574,2025-08-05,2026-09-13,2026-09-19 21:57:26
20101,jamesperez.58,james.perez101@company.com,ACTIVE,SuperAdmin,1736,2026-01-21,2026-07-20,2026-08-06 21:57:26
20102,jamesr.obinson,james.robinson102@company.com,ACTIVE,InternalToolsAdmin,1290,2026-02-25,2026-08-28,2026-09-14 21:57:26
20103,JASONHILL,jason.hill103@company.com,ACTIVE,InternalToolsAdmin,1779,2025-08-18,2026-08-17,2026-09-10 21:57:26
20104,jasonnguyen_37,jason.nguyen104@company.com,ACTIVE,InternalToolsAdmin,349,2025-08-11,2026-09-18,2026-09-26 21:57:27
20105,JASONRODRIGUEZ,jason.rodriguez105@company.com,ACTIVE,InternalToolsAdmin,917,2025-07-01,2026-09-15,2026-09-21 21:57:27
20106,jeffre.ydavis,jeffrey.davis106@company.com,ACTIVE,SuperAdmin,1575,2025-12-29,2026-08-14,2026-09-10 21:57:27
20107,jeffr.eyking,jeffrey.king107@company.com,ACTIVE,SuperAdmin,543,2026-01-19,2026-08-29,2026-09-08 21:57:27
20108,jeffre.ynguyen,jeffrey.nguyen108@company.com,ACTIVE,SuperAdmin,638,2026-03-10,2026-09-25,2026-09-26 21:57:27
20109,jeffre.yscott,jeffrey.scott109@company.com,ACTIVE,SuperAdmin,691,2025-10-21,2026-09-07,2026-09-14 21:57:27
20110,JENNIFERCARTER_9,jennifer.carter110@company.com,ACTIVE,InternalToolsAdmin,285,2026-02-05,2026-07-21,2026-08-08 21:57:27
20111,JENNIFERHILL,jennifer.hill111@company.com,ACTIVE,SuperAdmin,724,2026-03-22,2026-09-08,2026-09-26 21:57:27
20112,jennife.rtaylor,jennifer.taylor112@company.com,ACTIVE,InternalToolsAdmin,1908,2025-09-15,2026-08-27,2026-09-12 21:57:27
20113,jennife.rthomas,jennifer.thomas113@company.com,ACTIVE,InternalToolsAdmin,1797,2025-08-20,2026-09-13,2026-09-23 21:57:27
20114,JENNIFERYOUNG,jennifer.young114@company.com,ACTIVE,SuperAdmin,368,2025-05-30,2026-06-26,2026-07-01 21:57:28
20115,JESSICAANDERSON,jessica.anderson115@company.com,ACTIVE,InternalToolsAdmin,821,2025-07-07,2026-09-21,2026-09-23 21:57:28
20116,JESSICARAMIREZ_1,jessica.ramirez116@company.com,ACTIVE,SuperAdmin,36,2025-08-14,2026-09-06,2026-09-14 21:57:28
20117,jessic.atorres,jessica.torres117@company.com,ACTIVE,SuperAdmin,869,2025-08-03,2026-09-11,2026-09-18 21:57:28
20118,john.davis,john.davis118@company.com,ACTIVE,InternalToolsAdmin,804,2026-01-05,2026-08-10,2026-08-24 21:57:28
20119,johnmitchell_17,john.mitchell119@company.com,ACTIVE,SuperAdmin,531,2025-10-30,2026-09-18,2026-09-21 21:57:28
20120,johnn.guyen,john.nguyen120@company.com,ACTIVE,SuperAdmin,1969,2026-01-17,2026-09-08,2026-09-10 21:57:28
20121,josephharris_29,joseph.harris121@company.com,ACTIVE,SuperAdmin,1987,2025-11-18,2026-08-19,2026-09-16 21:57:28
20122,josephjones.53,joseph.jones122@company.com,ACTIVE,SuperAdmin,937,2025-12-03,2026-08-25,2026-09-22 21:57:28
20123,josephmiller_72,joseph.miller123@company.com,ACTIVE,InternalToolsAdmin,1302,2025-12-24,2026-08-17,2026-09-08 21:57:28
20124,JOSEPHTORRES,joseph.torres124@company.com,ACTIVE,SuperAdmin,724,2026-02-05,2026-08-28,2026-09-08 21:57:29
20125,joshua.flores,joshua.flores125@company.com,ACTIVE,SuperAdmin,1512,2026-01-24,2026-09-11,2026-09-15 21:57:29
20126,joshu.agreen,joshua.green126@company.com,ACTIVE,User,940,2025-08-29,2026-07-12,2026-07-26 21:57:29
20127,KARENGARCIA_4,karen.garcia127@company.com,ACTIVE,User,1896,2025-08-20,2026-09-09,2026-09-16 21:57:29
20128,KARENMITCHELL,karen.mitchell128@company.com,ACTIVE,User,459,2025-12-03,2026-09-07,2026-09-10 21:57:29
20129,karentorres.48,karen.torres129@company.com,ACTIVE,User,983,2025-05-05,2026-09-08,2026-09-08 21:57:29
20130,karenwhite_45,karen.white130@company.com,ACTIVE,User,375,2025-07-16,2026-09-09,2026-09-13 21:57:29
20131,kennethbrown-2,kenneth.brown131@company.com,ACTIVE,User,189,2025-12-09,2026-09-02,2026-09-11 21:57:29
20132,kenneth.roberts,kenneth.roberts132@company.com,ACTIVE,User,285,2026-01-08,2026-08-13,2026-09-09 21:57:29
20133,kenneth.sanchez,kenneth.sanchez133@company.com,ACTIVE,User,1992,2025-08-07,2026-09-15,2026-09-23 21:57:29
20134,kenneththomas-8,kenneth.thomas134@company.com,ACTIVE,User,201,2025-12-27,2026-06-22,2026-07-12 21:57:29
20135,kennethyoung_43,kenneth.young135@company.com,ACTIVE,User,1133,2025-10-29,2026-08-16,2026-08-16 21:57:30
20136,KEVINCLARK,kevin.clark136@company.com,ACTIVE,User,506,2026-03-05,2026-09-12,2026-09-13 21:57:30
20137,kevindavis_76,kevin.davis137@company.com,ACTIVE,User,1595,2026-03-02,2026-08-28,2026-09-09 21:57:30
20138,KEVINJONES_8,kevin.jones138@company.com,ACTIVE,User,904,2025-05-29,2026-06-18,2026-07-09 21:57:30
20139,kevinmoore.16,kevin.moore139@company.com,ACTIVE,User,1839,2025-10-06,2026-09-13,2026-09-21 21:57:30
20140,kevinwilson_75,kevin.wilson140@company.com,ACTIVE,User,1887,2025-08-26,2026-08-26,2026-09-21 21:57:30
20141,KIMBERLYBROWN,kimberly.brown141@company.com,ACTIVE,User,951,2025-06-06,2026-08-02,2026-08-14 21:57:30
20142,kimberlydavis-3,kimberly.davis142@company.com,ACTIVE,User,1503,2026-03-15,2026-08-22,2026-09-15 21:57:30
20143,kimberlyperez_90,kimberly.perez143@company.com,ACTIVE,User,556,2025-10-30,2026-09-04,2026-09-21 21:57:30
20144,kimberl.ytaylor,kimberly.taylor144@company.com,ACTIVE,User,59,2025-07-05,2026-08-30,2026-09-21 21:57:31
20145,KIMBERLYTORRES_8,kimberly.torres145@company.com,ACTIVE,User,1929,2026-02-18,2026-09-11,2026-09-24 21:57:31
20146,kimberlyyoung_16,kimberly.young146@company.com,ACTIVE,User,1255,2025-12-16,2026-09-09,2026-09-10 21:57:31
20147,LINDAHERNANDEZ_8,linda.hernandez147@company.com,ACTIVE,User,1419,2025-05-21,2026-09-22,2026-09-24 21:57:31
20148,lindalee.18,linda.lee148@company.com,ACTIVE,User,567,2025-05-16,2026-09-06,2026-09-24 21:57:31
20149,LISADAVIS,lisa.davis149@company.com,ACTIVE,User,533,2025-05-28,2026-09-11,2026-09-12 21:57:31
20150,LISAHERNANDEZ_3,lisa.hernandez150@company.com,ACTIVE,User,1933,2025-07-28,2026-08-28,2026-09-11 21:57:31
20151,LISARAMIREZ,lisa.ramirez151@company.com,ACTIVE,User,636,2025-11-14,2026-09-02,2026-09-20 21:57:31
20152,LISATAYLOR_9,lisa.taylor152@company.com,ACTIVE,User,311,2025-06-12,2026-07-18,2026-07-18 21:57:31
20153,margaretcampbell-1,margaret.campbell153@company.com,ACTIVE,User,1225,2025-07-28,2026-09-14,2026-09-26 21:57:32
20154,MARGARETGONZALEZ_4,margaret.gonzalez154@company.com,ACTIVE,User,1456,2025-05-25,2026-08-16,2026-09-15 21:57:32
20155,margaret.martinez,margaret.martinez155@company.com,ACTIVE,User,748,2026-02-15,2026-09-01,2026-09-15 21:57:32
20156,MARGARETRAMIREZ,margaret.ramirez156@company.com,ACTIVE,User,221,2026-03-13,2026-09-10,2026-09-22 21:57:32
20157,margaretscott.80,margaret.scott157@company.com,ACTIVE,User,1617,2025-11-11,2026-08-23,2026-09-13 21:57:32
20158,margaretwright_19,margaret.wright158@company.com,ACTIVE,User,1143,2025-09-27,2026-06-28,2026-07-06 21:57:32
20159,MARKALLEN,mark.allen159@company.com,ACTIVE,User,92,2025-07-01,2026-08-25,2026-09-14 21:57:32
20160,markbaker.44,mark.baker160@company.com,ACTIVE,User,858,2026-02-15,2026-09-13,2026-09-25 21:57:32
20161,MARKMILLER,mark.miller161@company.com,ACTIVE,User,930,2025-09-19,2026-08-27,2026-09-15 21:57:32
20162,markroberts.88,mark.roberts162@company.com,ACTIVE,User,882,2025-11-04,2026-08-28,2026-09-13 21:57:33
20163,MARKRODRIGUEZ_1,mark.rodriguez163@company.com,ACTIVE,User,716,2025-07-19,2026-06-24,2026-07-03 21:57:33
20164,markwi.lliams,mark.williams164@company.com,ACTIVE,User,1893,2025-07-21,2026-08-27,2026-09-21 21:57:33
20165,maryallen-6,mary.allen165@company.com,ACTIVE,User,15,2025-12-17,2026-08-16,2026-09-08 21:57:33
20166,MARYWILSON_9,mary.wilson166@company.com,ACTIVE,User,1954,2025-10-10,2026-07-02,2026-07-16 21:57:33
20167,matthew.gonzalez,matthew.gonzalez167@company.com,ACTIVE,User,1934,2025-07-06,2026-09-12,2026-09-18 21:57:33
20168,matthewmartinez-2,matthew.martinez168@company.com,ACTIVE,User,1737,2025-11-18,2026-09-06,2026-09-20 21:57:33
20169,michaeladams.92,michael.adams169@company.com,ACTIVE,User,571,2025-09-18,2026-08-28,2026-09-24 21:57:33
20170,michae.lallen,michael.allen170@company.com,ACTIVE,User,410,2025-09-14,2026-08-31,2026-09-15 21:57:33
20171,michaelanderson_78,michael.anderson171@company.com,ACTIVE,User,1728,2025-06-01,2026-08-26,2026-09-11 21:57:33
20172,MICHAELDAVIS,michael.davis172@company.com,ACTIVE,User,641,2025-12-19,2026-08-27,2026-09-19 21:57:34
20173,michaelgarcia_6,michael.garcia173@company.com,ACTIVE,User,1570,2025-06-19,2026-09-07,2026-09-23 21:57:34
20174,MICHAELMITCHELL_5,michael.mitchell174@company.com,ACTIVE,User,1982,2025-11-13,2026-09-07,2026-09-14 21:57:34
20175,michaelnguyen_93,michael.nguyen175@company.com,ACTIVE,User,1823,2025-08-14,2026-08-27,2026-09-08 21:57:34
20176,michaelsanchez_93,michael.sanchez176@company.com,ACTIVE,User,410,2025-11-17,2026-09-18,2026-09-20 21:57:34
20177,MICHELLEADAMS,michelle.adams177@company.com,ACTIVE,User,1154,2025-09-20,2026-09-03,2026-09-16 21:57:34
20178,michellebrown.42,michelle.brown178@company.com,ACTIVE,User,1581,2025-05-13,2026-09-05,2026-09-18 21:57:34
20179,michelleking.45,michelle.king179@company.com,ACTIVE,User,1608,2025-07-02,2026-08-28,2026-09-21 21:57:34
20180,MICHELLERODRIGUEZ,michelle.rodriguez180@company.com,ACTIVE,User,78,2025-09-14,2026-09-11,2026-09-25 21:57:34
20181,nancyking-5,nancy.king181@company.com,ACTIVE,User,792,2025-10-21,2026-08-13,2026-09-09 21:57:35
20182,nancymartin_7,nancy.martin182@company.com,ACTIVE,User,187,2026-01-10,2026-08-26,2026-09-24 21:57:35
20183,nancymiller-6,nancy.miller183@company.com,ACTIVE,User,466,2025-06-06,2026-09-02,2026-09-20 21:57:35
20184,NANCYROBINSON_8,nancy.robinson184@company.com,ACTIVE,User,1030,2025-10-31,2026-09-13,2026-09-15 21:57:35
20185,nancywhite_61,nancy.white185@company.com,ACTIVE,User,1841,2025-06-11,2026-06-09,2026-07-03 21:57:35
20186,PATRICIASANCHEZ_6,patricia.sanchez186@company.com,ACTIVE,User,415,2025-06-03,2026-08-20,2026-09-11 21:57:35
20187,PATRICIATAYLOR_4,patricia.taylor187@company.com,ACTIVE,User,1226,2025-06-26,2026-08-26,2026-09-11 21:57:35
20188,PATRICIAWILSON,patricia.wilson188@company.com,ACTIVE,User,460,2025-12-17,2026-09-01,2026-09-26 21:57:35
20189,paulgreen_11,paul.green189@company.com,ACTIVE,User,1799,2026-01-02,2026-09-09,2026-09-19 21:57:36
20190,PAULHALL,paul.hall190@company.com,ACTIVE,User,1274,2025-09-20,2026-09-12,2026-09-19 21:57:36
20191,PAULJONES,paul.jones191@company.com,ACTIVE,User,994,2025-07-02,2026-09-01,2026-09-24 21:57:36
20192,PAULNELSON,paul.nelson192@company.com,ACTIVE,User,72,2025-10-15,2026-08-17,2026-09-09 21:57:36
20193,PAULSMITH_4,paul.smith193@company.com,ACTIVE,User,1439,2025-10-17,2026-06-15,2026-07-07 21:57:36
20194,PAULTHOMAS_9,paul.thomas194@company.com,ACTIVE,User,1593,2025-08-23,2026-08-25,2026-09-10 21:57:36
20195,paulwilliams.49,paul.williams195@company.com,ACTIVE,User,1578,2025-06-04,2026-09-07,2026-09-15 21:57:36
20196,RICHARDGARCIA,richard.garcia196@company.com,ACTIVE,User,606,2025-08-22,2026-09-03,2026-09-21 21:57:36
20197,richardgreen_86,richard.green197@company.com,ACTIVE,User,1408,2025-12-22,2026-08-21,2026-09-11 21:57:37
20198,richardjones_50,richard.jones198@company.com,ACTIVE,User,1486,2025-04-27,2026-08-11,2026-08-18 21:57:37
20199,richardmiller_79,richard.miller199@company.com,ACTIVE,User,1037,2025-05-06,2026-08-23,2026-09-08 21:57:37
20200,RICHARDTHOMAS,richard.thomas200@company.com,ACTIVE,User,184,2025-06-19,2026-09-07,2026-09-26 21:57:37
20201,robertc.ampbell,robert.campbell201@company.com,ACTIVE,User,1989,2026-03-13,2026-09-11,2026-09-13 21:57:37
20202,robertjohnson.23,robert.johnson202@company.com,ACTIVE,User,1024,2025-06-26,2026-08-21,2026-09-16 21:57:37
20203,robertmartin-6,robert.martin203@company.com,ACTIVE,User,186,2026-03-03,2026-09-13,2026-09-13 21:57:37
20204,robertnelson.45,robert.nelson204@company.com,ACTIVE,User,1157,2026-01-25,2026-08-16,2026-09-11 21:57:37
20205,RONALDBROWN,ronald.brown205@company.com,ACTIVE,User,266,2025-09-03,2026-09-02,2026-09-21 21:57:37
20206,RONALDNELSON,ronald.nelson206@company.com,ACTIVE,User,1201,2025-11-29,2026-09-21,2026-09-26 21:57:37
20207,ronal.dwhite,ronald.white207@company.com,ACTIVE,User,716,2026-02-25,2026-08-18,2026-09-08 21:57:37
20208,ryangreen-7,ryan.green208@company.com,ACTIVE,User,647,2026-02-04,2026-08-27,2026-09-11 21:57:37
20209,RYANHARRIS_9,ryan.harris209@company.com,ACTIVE,User,300,2025-05-31,2026-08-26,2026-09-15 21:57:38
20210,ryan.king,ryan.king210@company.com,ACTIVE,User,233,2025-07-16,2026-09-01,2026-09-20 21:57:38
20211,ryanlee.87,ryan.lee211@company.com,ACTIVE,User,1859,2025-08-05,2026-08-14,2026-09-12 21:57:38
20212,ryant.homas,ryan.thomas212@company.com,ACTIVE,User,718,2026-02-04,2026-09-02,2026-09-17 21:57:38
20213,RYANWRIGHT_7,ryan.wright213@company.com,ACTIVE,User,170,2025-05-28,2026-08-29,2026-09-18 21:57:38
20214,SANDRAADAMS,sandra.adams214@company.com,ACTIVE,User,1818,2026-01-11,2026-08-10,2026-09-09 21:57:38
20215,SANDRAGREEN,sandra.green215@company.com,ACTIVE,User,1977,2026-03-11,2026-09-05,2026-09-23 21:57:38
20216,sandramitchell.48,sandra.mitchell216@company.com,ACTIVE,User,748,2025-12-05,2026-08-05,2026-08-20 21:57:38
20217,SANDRATHOMAS_9,sandra.thomas217@company.com,ACTIVE,User,804,2025-11-02,2026-08-29,2026-09-17 21:57:38
20218,sandra.wright,sandra.wright218@company.com,ACTIVE,User,1696,2026-03-27,2026-09-11,2026-09-23 21:57:38
20219,sarahjohnson_81,sarah.johnson219@company.com,ACTIVE,User,80,2026-01-23,2026-08-29,2026-09-16 21:57:38
20220,SARAHRAMIREZ,sarah.ramirez220@company.com,ACTIVE,User,354,2025-12-11,2026-08-02,2026-08-17 21:57:38
20221,sarahtaylor_42,sarah.taylor221@company.com,ACTIVE,User,625,2025-07-11,2026-08-18,2026-09-11 21:57:38
20222,sarahwilliams_81,sarah.williams222@company.com,ACTIVE,User,1306,2025-12-28,2026-09-24,2026-09-24 21:57:38
20223,STEVENALLEN_9,steven.allen223@company.com,ACTIVE,User,1999,2025-08-27,2026-08-15,2026-09-13 21:57:39
20224,stevenking.40,steven.king224@company.com,ACTIVE,User,1783,2026-01-13,2026-09-15,2026-09-22 21:57:39
20225,stevenrobinson_9,steven.robinson225@company.com,ACTIVE,User,446,2025-07-21,2026-08-21,2026-09-11 21:57:39
20226,stevensanchez-8,steven.sanchez226@company.com,ACTIVE,User,1600,2025-12-02,2026-09-19,2026-09-26 21:57:39
20227,steve.nscott,steven.scott227@company.com,ACTIVE,User,481,2025-12-17,2026-09-11,2026-09-22 21:57:39
20228,steven.wilson,steven.wilson228@company.com,ACTIVE,User,1776,2026-03-10,2026-09-13,2026-09-18 21:57:39
20229,susangonzalez.89,susan.gonzalez229@company.com,ACTIVE,User,898,2025-11-12,2026-08-19,2026-08-19 21:57:39
20230,susanwalker-6,susan.walker230@company.com,ACTIVE,User,489,2025-05-24,2026-08-30,2026-09-10 21:57:39
20231,thomasnelson.95,thomas.nelson231@company.com,ACTIVE,User,830,2025-09-09,2026-08-19,2026-09-14 21:57:39
20232,thomasramirez_15,thomas.ramirez232@company.com,ACTIVE,User,1498,2025-07-21,2026-09-02,2026-09-08 21:57:39
20233,thomasrodriguez.34,thomas.rodriguez233@company.com,ACTIVE,User,931,2026-02-05,2026-08-13,2026-09-08 21:57:39
20234,THOMASTAYLOR_3,thomas.taylor234@company.com,ACTIVE,User,1509,2025-11-05,2026-07-19,2026-07-24 21:57:40
20235,thomasthomas-6,thomas.thomas235@company.com,ACTIVE,User,1750,2025-12-01,2026-09-03,2026-09-24 21:57:40
20236,THOMASTHOMPSON,thomas.thompson236@company.com,ACTIVE,User,604,2025-08-16,2026-09-09,2026-09-23 21:57:40
20237,timothyanderson-9,timothy.anderson237@company.com,ACTIVE,User,843,2025-12-26,2026-08-23,2026-08-26 21:57:40
20238,TIMOTHYGONZALEZ_5,timothy.gonzalez238@company.com,ACTIVE,User,1763,2025-06-18,2026-09-07,2026-09-24 21:57:40
20239,timothy.johnson,timothy.johnson239@company.com,ACTIVE,User,1481,2025-11-19,2026-08-30,2026-09-21 21:57:40
20240,TIMOTHYNELSON,timothy.nelson240@company.com,ACTIVE,User,273,2025-10-04,2026-09-06,2026-09-24 21:57:40
20241,TIMOTHYROBINSON_3,timothy.robinson241@company.com,ACTIVE,User,587,2025-07-23,2026-09-01,2026-09-08 21:57:40
20242,timothyyoung_73,timothy.young242@company.com,ACTIVE,User,1866,2026-01-18,2026-08-25,2026-09-16 21:57:40
20243,williambaker-2,william.baker243@company.com,ACTIVE,User,30,2025-08-25,2026-08-22,2026-09-21 21:57:40
20244,WILLIAMCARTER,william.carter244@company.com,ACTIVE,User,1755,2026-03-20,2026-08-28,2026-09-21 21:57:40
20245,WILLIAMHARRIS_9,william.harris245@company.com,ACTIVE,User,1336,2026-02-12,2026-08-19,2026-09-16 21:57:41
20246,WILLIAMHILL_5,william.hill246@company.com,ACTIVE,User,433,2025-09-08,2026-09-09,2026-09-15 21:57:41
20247,williamlewis.30,william.lewis247@company.com,ACTIVE,User,434,2025-07-06,2026-08-29,2026-09-22 21:57:41
20248,williamperez.60,william.perez248@company.com,ACTIVE,User,694,2026-01-06,2026-09-10,2026-09-23 21:57:41
20249,williamthomas-2,william.thomas249@company.com,ACTIVE,User,702,2025-11-13,2026-08-27,2026-09-22 21:57:41
20250,williamwilliams_73,william.williams250@company.com,ACTIVE,User,1284,2026-03-04,2026-08-27,2026-09-11 21:57:41
